{"cameraMode":{"drawMode":0,"name":"Shaded","section":"Shading Mode"},"sceneLighting":false,"audioPlay":false,"sceneViewState":{"showFog":true,"showMaterialUpdate":false,"showSkybox":true,"showFlares":true,"showImageEffects":true,"showParticleSystems":true},"in2DMode":false,"pivot":{"x":-0.37684568762779238,"y":0.8221770524978638,"z":-8.23146915435791},"rotation":{"x":0.10649313032627106,"y":-0.6367453932762146,"z":0.089406818151474,"w":0.7584332823753357},"size":3.9385297298431398,"orthographic":false}