{"cameraMode":{"drawMode":0,"name":"Shaded","section":"Shading Mode"},"sceneLighting":false,"audioPlay":false,"sceneViewState":{"showFog":true,"showMaterialUpdate":false,"showSkybox":true,"showFlares":true,"showImageEffects":true,"showParticleSystems":true},"in2DMode":false,"pivot":{"x":3.0999999046325685,"y":0.6024246215820313,"z":-6.6032633781433109},"rotation":{"x":-0.08785813301801682,"y":-0.7505996823310852,"z":0.10196095705032349,"w":-0.6469042301177979},"size":4.566812515258789,"orthographic":false}